_id,session_id,config_id,fingerprint,context.input_len,context.output_len,fitness_score,error,node_host,created_at,raw_metrics.peak_throughput_tokens_per_sec,raw_metrics.peak_requests_per_sec,raw_metrics.p95_latency_at_peak_ms,raw_metrics.p99_latency_at_peak_ms,raw_metrics.mean_ttft_ms,raw_metrics.p95_ttft_ms,raw_metrics.mean_tpot_ms,raw_metrics.p95_tpot_ms,raw_metrics.mean_itl_ms,raw_metrics.error_rate_max,raw_metrics.valid_levels,raw_metrics.best_concurrency,enriched_metrics.peak_throughput_tokens_per_sec,enriched_metrics.peak_requests_per_sec,enriched_metrics.p95_latency_at_peak_ms,enriched_metrics.p99_latency_at_peak_ms,enriched_metrics.mean_ttft_ms,enriched_metrics.p95_ttft_ms,enriched_metrics.mean_tpot_ms,enriched_metrics.p95_tpot_ms,enriched_metrics.mean_itl_ms,enriched_metrics.error_rate_max,enriched_metrics.valid_levels,enriched_metrics.best_concurrency,enriched_metrics.throughput_per_gb_vram,enriched_metrics.memory_headroom_fraction,enriched_metrics.throughput_per_watt,enriched_metrics.model_load_time_sec,enriched_metrics.total_startup_sec,enriched_metrics.kv_cache_blocks,enriched_metrics.kv_cache_gb,enriched_metrics.has_errors,enriched_metrics.failed_levels,enriched_metrics.all_levels_failed,enriched_metrics.fitness_score,enriched_metrics.primary_metric_used,flags.tensor_parallel_size,flags.pipeline_parallel_size,flags.enable_expert_parallel,flags.data_parallel_size,flags.distributed_executor_backend,flags.gpu_memory_utilization,flags.block_size,flags.kv_cache_dtype,flags.enable_prefix_caching,flags.max_num_seqs,flags.max_num_batched_tokens,flags.dtype,flags.quantization,flags.max_model_len,flags.enforce_eager,flags.load_format,flags.trust_remote_code,flags.scheduler_delay_factor,flags.enable_chunked_prefill,flags.attention_backend,flags.all2all_backend,flags.enable_dbo,flags.cpu_offload_gb,flags.prefix_caching_hash_algo,flags.speculative_model,flags.num_speculative_tokens,flags.run_id,levels[0].concurrency,levels[1].concurrency,levels[2].concurrency,levels[3].concurrency,levels[4].concurrency,levels[5].concurrency,levels[6].concurrency,levels[0].input_len,levels[1].input_len,levels[2].input_len,levels[3].input_len,levels[4].input_len,levels[5].input_len,levels[6].input_len,levels[0].output_len,levels[1].output_len,levels[2].output_len,levels[3].output_len,levels[4].output_len,levels[5].output_len,levels[6].output_len,levels[0].num_prompts,levels[1].num_prompts,levels[2].num_prompts,levels[3].num_prompts,levels[4].num_prompts,levels[5].num_prompts,levels[6].num_prompts,levels[0].duration_sec,levels[1].duration_sec,levels[2].duration_sec,levels[3].duration_sec,levels[4].duration_sec,levels[5].duration_sec,levels[6].duration_sec,levels[0].requests_per_sec,levels[1].requests_per_sec,levels[2].requests_per_sec,levels[3].requests_per_sec,levels[4].requests_per_sec,levels[5].requests_per_sec,levels[6].requests_per_sec,levels[0].output_tokens_per_sec,levels[1].output_tokens_per_sec,levels[2].output_tokens_per_sec,levels[3].output_tokens_per_sec,levels[4].output_tokens_per_sec,levels[5].output_tokens_per_sec,levels[6].output_tokens_per_sec,levels[0].total_tokens_per_sec,levels[1].total_tokens_per_sec,levels[2].total_tokens_per_sec,levels[3].total_tokens_per_sec,levels[4].total_tokens_per_sec,levels[5].total_tokens_per_sec,levels[6].total_tokens_per_sec,levels[0].mean_latency_ms,levels[1].mean_latency_ms,levels[2].mean_latency_ms,levels[3].mean_latency_ms,levels[4].mean_latency_ms,levels[5].mean_latency_ms,levels[6].mean_latency_ms,levels[0].median_latency_ms,levels[1].median_latency_ms,levels[2].median_latency_ms,levels[3].median_latency_ms,levels[4].median_latency_ms,levels[5].median_latency_ms,levels[6].median_latency_ms,levels[0].p90_latency_ms,levels[1].p90_latency_ms,levels[2].p90_latency_ms,levels[3].p90_latency_ms,levels[4].p90_latency_ms,levels[5].p90_latency_ms,levels[6].p90_latency_ms,levels[0].p95_latency_ms,levels[1].p95_latency_ms,levels[2].p95_latency_ms,levels[3].p95_latency_ms,levels[4].p95_latency_ms,levels[5].p95_latency_ms,levels[6].p95_latency_ms,levels[0].p99_latency_ms,levels[1].p99_latency_ms,levels[2].p99_latency_ms,levels[3].p99_latency_ms,levels[4].p99_latency_ms,levels[5].p99_latency_ms,levels[6].p99_latency_ms,levels[0].mean_ttft_ms,levels[1].mean_ttft_ms,levels[2].mean_ttft_ms,levels[3].mean_ttft_ms,levels[4].mean_ttft_ms,levels[5].mean_ttft_ms,levels[6].mean_ttft_ms,levels[0].median_ttft_ms,levels[1].median_ttft_ms,levels[2].median_ttft_ms,levels[3].median_ttft_ms,levels[4].median_ttft_ms,levels[5].median_ttft_ms,levels[6].median_ttft_ms,levels[0].p95_ttft_ms,levels[1].p95_ttft_ms,levels[2].p95_ttft_ms,levels[3].p95_ttft_ms,levels[4].p95_ttft_ms,levels[5].p95_ttft_ms,levels[6].p95_ttft_ms,levels[0].p99_ttft_ms,levels[1].p99_ttft_ms,levels[2].p99_ttft_ms,levels[3].p99_ttft_ms,levels[4].p99_ttft_ms,levels[5].p99_ttft_ms,levels[6].p99_ttft_ms,levels[0].mean_tpot_ms,levels[1].mean_tpot_ms,levels[2].mean_tpot_ms,levels[3].mean_tpot_ms,levels[4].mean_tpot_ms,levels[5].mean_tpot_ms,levels[6].mean_tpot_ms,levels[0].median_tpot_ms,levels[1].median_tpot_ms,levels[2].median_tpot_ms,levels[3].median_tpot_ms,levels[4].median_tpot_ms,levels[5].median_tpot_ms,levels[6].median_tpot_ms,levels[0].p95_tpot_ms,levels[1].p95_tpot_ms,levels[2].p95_tpot_ms,levels[3].p95_tpot_ms,levels[4].p95_tpot_ms,levels[5].p95_tpot_ms,levels[6].p95_tpot_ms,levels[0].p99_tpot_ms,levels[1].p99_tpot_ms,levels[2].p99_tpot_ms,levels[3].p99_tpot_ms,levels[4].p99_tpot_ms,levels[5].p99_tpot_ms,levels[6].p99_tpot_ms,levels[0].mean_itl_ms,levels[1].mean_itl_ms,levels[2].mean_itl_ms,levels[3].mean_itl_ms,levels[4].mean_itl_ms,levels[5].mean_itl_ms,levels[6].mean_itl_ms,levels[0].p95_itl_ms,levels[1].p95_itl_ms,levels[2].p95_itl_ms,levels[3].p95_itl_ms,levels[4].p95_itl_ms,levels[5].p95_itl_ms,levels[6].p95_itl_ms,levels[0].p99_itl_ms,levels[1].p99_itl_ms,levels[2].p99_itl_ms,levels[3].p99_itl_ms,levels[4].p99_itl_ms,levels[5].p99_itl_ms,levels[6].p99_itl_ms,levels[0].error_count,levels[1].error_count,levels[2].error_count,levels[3].error_count,levels[4].error_count,levels[5].error_count,levels[6].error_count,levels[0].timeout_count,levels[1].timeout_count,levels[2].timeout_count,levels[3].timeout_count,levels[4].timeout_count,levels[5].timeout_count,levels[6].timeout_count,levels[0].error_rate,levels[1].error_rate,levels[2].error_rate,levels[3].error_rate,levels[4].error_rate,levels[5].error_rate,levels[6].error_rate,levels[0].failed,levels[1].failed,levels[2].failed,levels[3].failed,levels[4].failed,levels[5].failed,levels[6].failed,levels[0].failure_reason,levels[1].failure_reason,levels[2].failure_reason,levels[3].failure_reason,levels[4].failure_reason,levels[5].failure_reason,levels[6].failure_reason,levels[0].raw_output,levels[1].raw_output,levels[2].raw_output,levels[3].raw_output,levels[4].raw_output,levels[5].raw_output,levels[6].raw_output
69f54da494ac05a80e859ebb,69f54d5794ac05a80e859eb9,69f54d5794ac05a80e859eba,3278005fb230,1024,1024,0,BenchmarkEngine.__init__() got an unexpected keyword argument 'base_url',localhost,2026-05-02T01:04:36.034Z,,,,,,,,,,,,,,,,,,,,,,,,,,,,,,,,,,,,,,,,,,,,,,,,,,,,,,,,,,,,,,,,,,,,,,,,,,,,,,,,,,,,,,,,,,,,,,,,,,,,,,,,,,,,,,,,,,,,,,,,,,,,,,,,,,,,,,,,,,,,,,,,,,,,,,,,,,,,,,,,,,,,,,,,,,,,,,,,,,,,,,,,,,,,,,,,,,,,,,,,,,,,,,,,,,,,,,,,,,,,,,,,,,,,,,,,,,,,,,,,,,,,,,,,,,,,,,,,,,,,,,,,,,,,,,,,,
69f54da494ac05a80e859ebc,69f54d5794ac05a80e859eb9,69f54d5794ac05a80e859eba,3278005fb230,1024,4096,0,BenchmarkEngine.__init__() got an unexpected keyword argument 'base_url',localhost,2026-05-02T01:04:36.061Z,,,,,,,,,,,,,,,,,,,,,,,,,,,,,,,,,,,,,,,,,,,,,,,,,,,,,,,,,,,,,,,,,,,,,,,,,,,,,,,,,,,,,,,,,,,,,,,,,,,,,,,,,,,,,,,,,,,,,,,,,,,,,,,,,,,,,,,,,,,,,,,,,,,,,,,,,,,,,,,,,,,,,,,,,,,,,,,,,,,,,,,,,,,,,,,,,,,,,,,,,,,,,,,,,,,,,,,,,,,,,,,,,,,,,,,,,,,,,,,,,,,,,,,,,,,,,,,,,,,,,,,,,,,,,,,,,
69f54da494ac05a80e859ebd,69f54d5794ac05a80e859eb9,69f54d5794ac05a80e859eba,3278005fb230,1024,8192,0,BenchmarkEngine.__init__() got an unexpected keyword argument 'base_url',localhost,2026-05-02T01:04:36.092Z,,,,,,,,,,,,,,,,,,,,,,,,,,,,,,,,,,,,,,,,,,,,,,,,,,,,,,,,,,,,,,,,,,,,,,,,,,,,,,,,,,,,,,,,,,,,,,,,,,,,,,,,,,,,,,,,,,,,,,,,,,,,,,,,,,,,,,,,,,,,,,,,,,,,,,,,,,,,,,,,,,,,,,,,,,,,,,,,,,,,,,,,,,,,,,,,,,,,,,,,,,,,,,,,,,,,,,,,,,,,,,,,,,,,,,,,,,,,,,,,,,,,,,,,,,,,,,,,,,,,,,,,,,,,,,,,,
69f54da494ac05a80e859ebe,69f54d5794ac05a80e859eb9,69f54d5794ac05a80e859eba,3278005fb230,2048,8192,0,BenchmarkEngine.__init__() got an unexpected keyword argument 'base_url',localhost,2026-05-02T01:04:36.119Z,,,,,,,,,,,,,,,,,,,,,,,,,,,,,,,,,,,,,,,,,,,,,,,,,,,,,,,,,,,,,,,,,,,,,,,,,,,,,,,,,,,,,,,,,,,,,,,,,,,,,,,,,,,,,,,,,,,,,,,,,,,,,,,,,,,,,,,,,,,,,,,,,,,,,,,,,,,,,,,,,,,,,,,,,,,,,,,,,,,,,,,,,,,,,,,,,,,,,,,,,,,,,,,,,,,,,,,,,,,,,,,,,,,,,,,,,,,,,,,,,,,,,,,,,,,,,,,,,,,,,,,,,,,,,,,,,
69f54da494ac05a80e859ebf,69f54d5794ac05a80e859eb9,69f54d5794ac05a80e859eba,3278005fb230,4096,16384,0,BenchmarkEngine.__init__() got an unexpected keyword argument 'base_url',localhost,2026-05-02T01:04:36.148Z,,,,,,,,,,,,,,,,,,,,,,,,,,,,,,,,,,,,,,,,,,,,,,,,,,,,,,,,,,,,,,,,,,,,,,,,,,,,,,,,,,,,,,,,,,,,,,,,,,,,,,,,,,,,,,,,,,,,,,,,,,,,,,,,,,,,,,,,,,,,,,,,,,,,,,,,,,,,,,,,,,,,,,,,,,,,,,,,,,,,,,,,,,,,,,,,,,,,,,,,,,,,,,,,,,,,,,,,,,,,,,,,,,,,,,,,,,,,,,,,,,,,,,,,,,,,,,,,,,,,,,,,,,,,,,,,,
69f54da494ac05a80e859ec0,69f54d5794ac05a80e859eb9,69f54d5794ac05a80e859eba,3278005fb230,8192,32768,0,BenchmarkEngine.__init__() got an unexpected keyword argument 'base_url',localhost,2026-05-02T01:04:36.174Z,,,,,,,,,,,,,,,,,,,,,,,,,,,,,,,,,,,,,,,,,,,,,,,,,,,,,,,,,,,,,,,,,,,,,,,,,,,,,,,,,,,,,,,,,,,,,,,,,,,,,,,,,,,,,,,,,,,,,,,,,,,,,,,,,,,,,,,,,,,,,,,,,,,,,,,,,,,,,,,,,,,,,,,,,,,,,,,,,,,,,,,,,,,,,,,,,,,,,,,,,,,,,,,,,,,,,,,,,,,,,,,,,,,,,,,,,,,,,,,,,,,,,,,,,,,,,,,,,,,,,,,,,,,,,,,,,
69f54ddf94ac05a80e859ec2,69f54d5794ac05a80e859eb9,69f54da694ac05a80e859ec1,44c90192d811,1024,1024,0,BenchmarkEngine.__init__() got an unexpected keyword argument 'base_url',localhost,2026-05-02T01:05:35.017Z,,,,,,,,,,,,,,,,,,,,,,,,,,,,,,,,,,,,,,,,,,,,,,,,,,,,,,,,,,,,,,,,,,,,,,,,,,,,,,,,,,,,,,,,,,,,,,,,,,,,,,,,,,,,,,,,,,,,,,,,,,,,,,,,,,,,,,,,,,,,,,,,,,,,,,,,,,,,,,,,,,,,,,,,,,,,,,,,,,,,,,,,,,,,,,,,,,,,,,,,,,,,,,,,,,,,,,,,,,,,,,,,,,,,,,,,,,,,,,,,,,,,,,,,,,,,,,,,,,,,,,,,,,,,,,,,,
69f54ddf94ac05a80e859ec3,69f54d5794ac05a80e859eb9,69f54da694ac05a80e859ec1,44c90192d811,1024,4096,0,BenchmarkEngine.__init__() got an unexpected keyword argument 'base_url',localhost,2026-05-02T01:05:35.080Z,,,,,,,,,,,,,,,,,,,,,,,,,,,,,,,,,,,,,,,,,,,,,,,,,,,,,,,,,,,,,,,,,,,,,,,,,,,,,,,,,,,,,,,,,,,,,,,,,,,,,,,,,,,,,,,,,,,,,,,,,,,,,,,,,,,,,,,,,,,,,,,,,,,,,,,,,,,,,,,,,,,,,,,,,,,,,,,,,,,,,,,,,,,,,,,,,,,,,,,,,,,,,,,,,,,,,,,,,,,,,,,,,,,,,,,,,,,,,,,,,,,,,,,,,,,,,,,,,,,,,,,,,,,,,,,,,
69f54ddf94ac05a80e859ec4,69f54d5794ac05a80e859eb9,69f54da694ac05a80e859ec1,44c90192d811,1024,8192,0,BenchmarkEngine.__init__() got an unexpected keyword argument 'base_url',localhost,2026-05-02T01:05:35.107Z,,,,,,,,,,,,,,,,,,,,,,,,,,,,,,,,,,,,,,,,,,,,,,,,,,,,,,,,,,,,,,,,,,,,,,,,,,,,,,,,,,,,,,,,,,,,,,,,,,,,,,,,,,,,,,,,,,,,,,,,,,,,,,,,,,,,,,,,,,,,,,,,,,,,,,,,,,,,,,,,,,,,,,,,,,,,,,,,,,,,,,,,,,,,,,,,,,,,,,,,,,,,,,,,,,,,,,,,,,,,,,,,,,,,,,,,,,,,,,,,,,,,,,,,,,,,,,,,,,,,,,,,,,,,,,,,,
69f54ddf94ac05a80e859ec5,69f54d5794ac05a80e859eb9,69f54da694ac05a80e859ec1,44c90192d811,2048,8192,0,BenchmarkEngine.__init__() got an unexpected keyword argument 'base_url',localhost,2026-05-02T01:05:35.137Z,,,,,,,,,,,,,,,,,,,,,,,,,,,,,,,,,,,,,,,,,,,,,,,,,,,,,,,,,,,,,,,,,,,,,,,,,,,,,,,,,,,,,,,,,,,,,,,,,,,,,,,,,,,,,,,,,,,,,,,,,,,,,,,,,,,,,,,,,,,,,,,,,,,,,,,,,,,,,,,,,,,,,,,,,,,,,,,,,,,,,,,,,,,,,,,,,,,,,,,,,,,,,,,,,,,,,,,,,,,,,,,,,,,,,,,,,,,,,,,,,,,,,,,,,,,,,,,,,,,,,,,,,,,,,,,,,
69f54ddf94ac05a80e859ec6,69f54d5794ac05a80e859eb9,69f54da694ac05a80e859ec1,44c90192d811,4096,16384,0,BenchmarkEngine.__init__() got an unexpected keyword argument 'base_url',localhost,2026-05-02T01:05:35.361Z,,,,,,,,,,,,,,,,,,,,,,,,,,,,,,,,,,,,,,,,,,,,,,,,,,,,,,,,,,,,,,,,,,,,,,,,,,,,,,,,,,,,,,,,,,,,,,,,,,,,,,,,,,,,,,,,,,,,,,,,,,,,,,,,,,,,,,,,,,,,,,,,,,,,,,,,,,,,,,,,,,,,,,,,,,,,,,,,,,,,,,,,,,,,,,,,,,,,,,,,,,,,,,,,,,,,,,,,,,,,,,,,,,,,,,,,,,,,,,,,,,,,,,,,,,,,,,,,,,,,,,,,,,,,,,,,,
69f54ddf94ac05a80e859ec7,69f54d5794ac05a80e859eb9,69f54da694ac05a80e859ec1,44c90192d811,8192,32768,0,BenchmarkEngine.__init__() got an unexpected keyword argument 'base_url',localhost,2026-05-02T01:05:35.470Z,,,,,,,,,,,,,,,,,,,,,,,,,,,,,,,,,,,,,,,,,,,,,,,,,,,,,,,,,,,,,,,,,,,,,,,,,,,,,,,,,,,,,,,,,,,,,,,,,,,,,,,,,,,,,,,,,,,,,,,,,,,,,,,,,,,,,,,,,,,,,,,,,,,,,,,,,,,,,,,,,,,,,,,,,,,,,,,,,,,,,,,,,,,,,,,,,,,,,,,,,,,,,,,,,,,,,,,,,,,,,,,,,,,,,,,,,,,,,,,,,,,,,,,,,,,,,,,,,,,,,,,,,,,,,,,,,
69f54e1a94ac05a80e859ec9,69f54d5794ac05a80e859eb9,69f54de194ac05a80e859ec8,ab6a6b7335c0,1024,1024,0,BenchmarkEngine.__init__() got an unexpected keyword argument 'base_url',localhost,2026-05-02T01:06:34.537Z,,,,,,,,,,,,,,,,,,,,,,,,,,,,,,,,,,,,,,,,,,,,,,,,,,,,,,,,,,,,,,,,,,,,,,,,,,,,,,,,,,,,,,,,,,,,,,,,,,,,,,,,,,,,,,,,,,,,,,,,,,,,,,,,,,,,,,,,,,,,,,,,,,,,,,,,,,,,,,,,,,,,,,,,,,,,,,,,,,,,,,,,,,,,,,,,,,,,,,,,,,,,,,,,,,,,,,,,,,,,,,,,,,,,,,,,,,,,,,,,,,,,,,,,,,,,,,,,,,,,,,,,,,,,,,,,,
69f54e1a94ac05a80e859eca,69f54d5794ac05a80e859eb9,69f54de194ac05a80e859ec8,ab6a6b7335c0,1024,4096,0,BenchmarkEngine.__init__() got an unexpected keyword argument 'base_url',localhost,2026-05-02T01:06:34.563Z,,,,,,,,,,,,,,,,,,,,,,,,,,,,,,,,,,,,,,,,,,,,,,,,,,,,,,,,,,,,,,,,,,,,,,,,,,,,,,,,,,,,,,,,,,,,,,,,,,,,,,,,,,,,,,,,,,,,,,,,,,,,,,,,,,,,,,,,,,,,,,,,,,,,,,,,,,,,,,,,,,,,,,,,,,,,,,,,,,,,,,,,,,,,,,,,,,,,,,,,,,,,,,,,,,,,,,,,,,,,,,,,,,,,,,,,,,,,,,,,,,,,,,,,,,,,,,,,,,,,,,,,,,,,,,,,,
69f54e1a94ac05a80e859ecb,69f54d5794ac05a80e859eb9,69f54de194ac05a80e859ec8,ab6a6b7335c0,1024,8192,0,BenchmarkEngine.__init__() got an unexpected keyword argument 'base_url',localhost,2026-05-02T01:06:34.590Z,,,,,,,,,,,,,,,,,,,,,,,,,,,,,,,,,,,,,,,,,,,,,,,,,,,,,,,,,,,,,,,,,,,,,,,,,,,,,,,,,,,,,,,,,,,,,,,,,,,,,,,,,,,,,,,,,,,,,,,,,,,,,,,,,,,,,,,,,,,,,,,,,,,,,,,,,,,,,,,,,,,,,,,,,,,,,,,,,,,,,,,,,,,,,,,,,,,,,,,,,,,,,,,,,,,,,,,,,,,,,,,,,,,,,,,,,,,,,,,,,,,,,,,,,,,,,,,,,,,,,,,,,,,,,,,,,
69f54e1a94ac05a80e859ecc,69f54d5794ac05a80e859eb9,69f54de194ac05a80e859ec8,ab6a6b7335c0,2048,8192,0,BenchmarkEngine.__init__() got an unexpected keyword argument 'base_url',localhost,2026-05-02T01:06:34.616Z,,,,,,,,,,,,,,,,,,,,,,,,,,,,,,,,,,,,,,,,,,,,,,,,,,,,,,,,,,,,,,,,,,,,,,,,,,,,,,,,,,,,,,,,,,,,,,,,,,,,,,,,,,,,,,,,,,,,,,,,,,,,,,,,,,,,,,,,,,,,,,,,,,,,,,,,,,,,,,,,,,,,,,,,,,,,,,,,,,,,,,,,,,,,,,,,,,,,,,,,,,,,,,,,,,,,,,,,,,,,,,,,,,,,,,,,,,,,,,,,,,,,,,,,,,,,,,,,,,,,,,,,,,,,,,,,,
69f54e1a94ac05a80e859ecd,69f54d5794ac05a80e859eb9,69f54de194ac05a80e859ec8,ab6a6b7335c0,4096,16384,0,BenchmarkEngine.__init__() got an unexpected keyword argument 'base_url',localhost,2026-05-02T01:06:34.645Z,,,,,,,,,,,,,,,,,,,,,,,,,,,,,,,,,,,,,,,,,,,,,,,,,,,,,,,,,,,,,,,,,,,,,,,,,,,,,,,,,,,,,,,,,,,,,,,,,,,,,,,,,,,,,,,,,,,,,,,,,,,,,,,,,,,,,,,,,,,,,,,,,,,,,,,,,,,,,,,,,,,,,,,,,,,,,,,,,,,,,,,,,,,,,,,,,,,,,,,,,,,,,,,,,,,,,,,,,,,,,,,,,,,,,,,,,,,,,,,,,,,,,,,,,,,,,,,,,,,,,,,,,,,,,,,,,
69f54e1a94ac05a80e859ece,69f54d5794ac05a80e859eb9,69f54de194ac05a80e859ec8,ab6a6b7335c0,8192,32768,0,BenchmarkEngine.__init__() got an unexpected keyword argument 'base_url',localhost,2026-05-02T01:06:34.671Z,,,,,,,,,,,,,,,,,,,,,,,,,,,,,,,,,,,,,,,,,,,,,,,,,,,,,,,,,,,,,,,,,,,,,,,,,,,,,,,,,,,,,,,,,,,,,,,,,,,,,,,,,,,,,,,,,,,,,,,,,,,,,,,,,,,,,,,,,,,,,,,,,,,,,,,,,,,,,,,,,,,,,,,,,,,,,,,,,,,,,,,,,,,,,,,,,,,,,,,,,,,,,,,,,,,,,,,,,,,,,,,,,,,,,,,,,,,,,,,,,,,,,,,,,,,,,,,,,,,,,,,,,,,,,,,,,
69f54e5594ac05a80e859ed0,69f54d5794ac05a80e859eb9,69f54e1c94ac05a80e859ecf,18d14275cffc,1024,1024,0,BenchmarkEngine.__init__() got an unexpected keyword argument 'base_url',localhost,2026-05-02T01:07:33.420Z,,,,,,,,,,,,,,,,,,,,,,,,,,,,,,,,,,,,,,,,,,,,,,,,,,,,,,,,,,,,,,,,,,,,,,,,,,,,,,,,,,,,,,,,,,,,,,,,,,,,,,,,,,,,,,,,,,,,,,,,,,,,,,,,,,,,,,,,,,,,,,,,,,,,,,,,,,,,,,,,,,,,,,,,,,,,,,,,,,,,,,,,,,,,,,,,,,,,,,,,,,,,,,,,,,,,,,,,,,,,,,,,,,,,,,,,,,,,,,,,,,,,,,,,,,,,,,,,,,,,,,,,,,,,,,,,,
69f54e5594ac05a80e859ed1,69f54d5794ac05a80e859eb9,69f54e1c94ac05a80e859ecf,18d14275cffc,1024,4096,0,BenchmarkEngine.__init__() got an unexpected keyword argument 'base_url',localhost,2026-05-02T01:07:33.458Z,,,,,,,,,,,,,,,,,,,,,,,,,,,,,,,,,,,,,,,,,,,,,,,,,,,,,,,,,,,,,,,,,,,,,,,,,,,,,,,,,,,,,,,,,,,,,,,,,,,,,,,,,,,,,,,,,,,,,,,,,,,,,,,,,,,,,,,,,,,,,,,,,,,,,,,,,,,,,,,,,,,,,,,,,,,,,,,,,,,,,,,,,,,,,,,,,,,,,,,,,,,,,,,,,,,,,,,,,,,,,,,,,,,,,,,,,,,,,,,,,,,,,,,,,,,,,,,,,,,,,,,,,,,,,,,,,
69f54e5594ac05a80e859ed2,69f54d5794ac05a80e859eb9,69f54e1c94ac05a80e859ecf,18d14275cffc,1024,8192,0,BenchmarkEngine.__init__() got an unexpected keyword argument 'base_url',localhost,2026-05-02T01:07:33.496Z,,,,,,,,,,,,,,,,,,,,,,,,,,,,,,,,,,,,,,,,,,,,,,,,,,,,,,,,,,,,,,,,,,,,,,,,,,,,,,,,,,,,,,,,,,,,,,,,,,,,,,,,,,,,,,,,,,,,,,,,,,,,,,,,,,,,,,,,,,,,,,,,,,,,,,,,,,,,,,,,,,,,,,,,,,,,,,,,,,,,,,,,,,,,,,,,,,,,,,,,,,,,,,,,,,,,,,,,,,,,,,,,,,,,,,,,,,,,,,,,,,,,,,,,,,,,,,,,,,,,,,,,,,,,,,,,,
69f54e5594ac05a80e859ed3,69f54d5794ac05a80e859eb9,69f54e1c94ac05a80e859ecf,18d14275cffc,2048,8192,0,BenchmarkEngine.__init__() got an unexpected keyword argument 'base_url',localhost,2026-05-02T01:07:33.526Z,,,,,,,,,,,,,,,,,,,,,,,,,,,,,,,,,,,,,,,,,,,,,,,,,,,,,,,,,,,,,,,,,,,,,,,,,,,,,,,,,,,,,,,,,,,,,,,,,,,,,,,,,,,,,,,,,,,,,,,,,,,,,,,,,,,,,,,,,,,,,,,,,,,,,,,,,,,,,,,,,,,,,,,,,,,,,,,,,,,,,,,,,,,,,,,,,,,,,,,,,,,,,,,,,,,,,,,,,,,,,,,,,,,,,,,,,,,,,,,,,,,,,,,,,,,,,,,,,,,,,,,,,,,,,,,,,
69f54e5594ac05a80e859ed4,69f54d5794ac05a80e859eb9,69f54e1c94ac05a80e859ecf,18d14275cffc,4096,16384,0,BenchmarkEngine.__init__() got an unexpected keyword argument 'base_url',localhost,2026-05-02T01:07:33.551Z,,,,,,,,,,,,,,,,,,,,,,,,,,,,,,,,,,,,,,,,,,,,,,,,,,,,,,,,,,,,,,,,,,,,,,,,,,,,,,,,,,,,,,,,,,,,,,,,,,,,,,,,,,,,,,,,,,,,,,,,,,,,,,,,,,,,,,,,,,,,,,,,,,,,,,,,,,,,,,,,,,,,,,,,,,,,,,,,,,,,,,,,,,,,,,,,,,,,,,,,,,,,,,,,,,,,,,,,,,,,,,,,,,,,,,,,,,,,,,,,,,,,,,,,,,,,,,,,,,,,,,,,,,,,,,,,,
69f54e5594ac05a80e859ed5,69f54d5794ac05a80e859eb9,69f54e1c94ac05a80e859ecf,18d14275cffc,8192,32768,0,BenchmarkEngine.__init__() got an unexpected keyword argument 'base_url',localhost,2026-05-02T01:07:33.577Z,,,,,,,,,,,,,,,,,,,,,,,,,,,,,,,,,,,,,,,,,,,,,,,,,,,,,,,,,,,,,,,,,,,,,,,,,,,,,,,,,,,,,,,,,,,,,,,,,,,,,,,,,,,,,,,,,,,,,,,,,,,,,,,,,,,,,,,,,,,,,,,,,,,,,,,,,,,,,,,,,,,,,,,,,,,,,,,,,,,,,,,,,,,,,,,,,,,,,,,,,,,,,,,,,,,,,,,,,,,,,,,,,,,,,,,,,,,,,,,,,,,,,,,,,,,,,,,,,,,,,,,,,,,,,,,,,
69f5503c0702ce3421da6e4b,69f550030702ce3421da6e49,69f550030702ce3421da6e4a,3278005fb230,1024,1024,0,MetricsCollector() takes no arguments,localhost,2026-05-02T01:15:40.659Z,,,,,,,,,,,,,,,,,,,,,,,,,,,,,,,,,,,,,,,,,,,,,,,,,,,,,,,,,,,,,,,,,,,,,,,,,,,,,,,,,,,,,,,,,,,,,,,,,,,,,,,,,,,,,,,,,,,,,,,,,,,,,,,,,,,,,,,,,,,,,,,,,,,,,,,,,,,,,,,,,,,,,,,,,,,,,,,,,,,,,,,,,,,,,,,,,,,,,,,,,,,,,,,,,,,,,,,,,,,,,,,,,,,,,,,,,,,,,,,,,,,,,,,,,,,,,,,,,,,,,,,,,,,,,,,,,
69f5503c0702ce3421da6e4c,69f550030702ce3421da6e49,69f550030702ce3421da6e4a,3278005fb230,1024,4096,0,MetricsCollector() takes no arguments,localhost,2026-05-02T01:15:40.780Z,,,,,,,,,,,,,,,,,,,,,,,,,,,,,,,,,,,,,,,,,,,,,,,,,,,,,,,,,,,,,,,,,,,,,,,,,,,,,,,,,,,,,,,,,,,,,,,,,,,,,,,,,,,,,,,,,,,,,,,,,,,,,,,,,,,,,,,,,,,,,,,,,,,,,,,,,,,,,,,,,,,,,,,,,,,,,,,,,,,,,,,,,,,,,,,,,,,,,,,,,,,,,,,,,,,,,,,,,,,,,,,,,,,,,,,,,,,,,,,,,,,,,,,,,,,,,,,,,,,,,,,,,,,,,,,,,
69f5503c0702ce3421da6e4d,69f550030702ce3421da6e49,69f550030702ce3421da6e4a,3278005fb230,1024,8192,0,MetricsCollector() takes no arguments,localhost,2026-05-02T01:15:40.900Z,,,,,,,,,,,,,,,,,,,,,,,,,,,,,,,,,,,,,,,,,,,,,,,,,,,,,,,,,,,,,,,,,,,,,,,,,,,,,,,,,,,,,,,,,,,,,,,,,,,,,,,,,,,,,,,,,,,,,,,,,,,,,,,,,,,,,,,,,,,,,,,,,,,,,,,,,,,,,,,,,,,,,,,,,,,,,,,,,,,,,,,,,,,,,,,,,,,,,,,,,,,,,,,,,,,,,,,,,,,,,,,,,,,,,,,,,,,,,,,,,,,,,,,,,,,,,,,,,,,,,,,,,,,,,,,,,
69f5503d0702ce3421da6e4e,69f550030702ce3421da6e49,69f550030702ce3421da6e4a,3278005fb230,2048,8192,0,MetricsCollector() takes no arguments,localhost,2026-05-02T01:15:41.023Z,,,,,,,,,,,,,,,,,,,,,,,,,,,,,,,,,,,,,,,,,,,,,,,,,,,,,,,,,,,,,,,,,,,,,,,,,,,,,,,,,,,,,,,,,,,,,,,,,,,,,,,,,,,,,,,,,,,,,,,,,,,,,,,,,,,,,,,,,,,,,,,,,,,,,,,,,,,,,,,,,,,,,,,,,,,,,,,,,,,,,,,,,,,,,,,,,,,,,,,,,,,,,,,,,,,,,,,,,,,,,,,,,,,,,,,,,,,,,,,,,,,,,,,,,,,,,,,,,,,,,,,,,,,,,,,,,
69f5503d0702ce3421da6e4f,69f550030702ce3421da6e49,69f550030702ce3421da6e4a,3278005fb230,4096,16384,0,MetricsCollector() takes no arguments,localhost,2026-05-02T01:15:41.142Z,,,,,,,,,,,,,,,,,,,,,,,,,,,,,,,,,,,,,,,,,,,,,,,,,,,,,,,,,,,,,,,,,,,,,,,,,,,,,,,,,,,,,,,,,,,,,,,,,,,,,,,,,,,,,,,,,,,,,,,,,,,,,,,,,,,,,,,,,,,,,,,,,,,,,,,,,,,,,,,,,,,,,,,,,,,,,,,,,,,,,,,,,,,,,,,,,,,,,,,,,,,,,,,,,,,,,,,,,,,,,,,,,,,,,,,,,,,,,,,,,,,,,,,,,,,,,,,,,,,,,,,,,,,,,,,,,
69f5503d0702ce3421da6e50,69f550030702ce3421da6e49,69f550030702ce3421da6e4a,3278005fb230,8192,32768,0,MetricsCollector() takes no arguments,localhost,2026-05-02T01:15:41.266Z,,,,,,,,,,,,,,,,,,,,,,,,,,,,,,,,,,,,,,,,,,,,,,,,,,,,,,,,,,,,,,,,,,,,,,,,,,,,,,,,,,,,,,,,,,,,,,,,,,,,,,,,,,,,,,,,,,,,,,,,,,,,,,,,,,,,,,,,,,,,,,,,,,,,,,,,,,,,,,,,,,,,,,,,,,,,,,,,,,,,,,,,,,,,,,,,,,,,,,,,,,,,,,,,,,,,,,,,,,,,,,,,,,,,,,,,,,,,,,,,,,,,,,,,,,,,,,,,,,,,,,,,,,,,,,,,,
69f550780702ce3421da6e52,69f550030702ce3421da6e49,69f5503f0702ce3421da6e51,44c90192d811,1024,1024,0,MetricsCollector() takes no arguments,localhost,2026-05-02T01:16:40.224Z,,,,,,,,,,,,,,,,,,,,,,,,,,,,,,,,,,,,,,,,,,,,,,,,,,,,,,,,,,,,,,,,,,,,,,,,,,,,,,,,,,,,,,,,,,,,,,,,,,,,,,,,,,,,,,,,,,,,,,,,,,,,,,,,,,,,,,,,,,,,,,,,,,,,,,,,,,,,,,,,,,,,,,,,,,,,,,,,,,,,,,,,,,,,,,,,,,,,,,,,,,,,,,,,,,,,,,,,,,,,,,,,,,,,,,,,,,,,,,,,,,,,,,,,,,,,,,,,,,,,,,,,,,,,,,,,,
69f550780702ce3421da6e53,69f550030702ce3421da6e49,69f5503f0702ce3421da6e51,44c90192d811,1024,4096,0,MetricsCollector() takes no arguments,localhost,2026-05-02T01:16:40.350Z,,,,,,,,,,,,,,,,,,,,,,,,,,,,,,,,,,,,,,,,,,,,,,,,,,,,,,,,,,,,,,,,,,,,,,,,,,,,,,,,,,,,,,,,,,,,,,,,,,,,,,,,,,,,,,,,,,,,,,,,,,,,,,,,,,,,,,,,,,,,,,,,,,,,,,,,,,,,,,,,,,,,,,,,,,,,,,,,,,,,,,,,,,,,,,,,,,,,,,,,,,,,,,,,,,,,,,,,,,,,,,,,,,,,,,,,,,,,,,,,,,,,,,,,,,,,,,,,,,,,,,,,,,,,,,,,,
69f550780702ce3421da6e54,69f550030702ce3421da6e49,69f5503f0702ce3421da6e51,44c90192d811,1024,8192,0,MetricsCollector() takes no arguments,localhost,2026-05-02T01:16:40.472Z,,,,,,,,,,,,,,,,,,,,,,,,,,,,,,,,,,,,,,,,,,,,,,,,,,,,,,,,,,,,,,,,,,,,,,,,,,,,,,,,,,,,,,,,,,,,,,,,,,,,,,,,,,,,,,,,,,,,,,,,,,,,,,,,,,,,,,,,,,,,,,,,,,,,,,,,,,,,,,,,,,,,,,,,,,,,,,,,,,,,,,,,,,,,,,,,,,,,,,,,,,,,,,,,,,,,,,,,,,,,,,,,,,,,,,,,,,,,,,,,,,,,,,,,,,,,,,,,,,,,,,,,,,,,,,,,,
69f550780702ce3421da6e55,69f550030702ce3421da6e49,69f5503f0702ce3421da6e51,44c90192d811,2048,8192,0,MetricsCollector() takes no arguments,localhost,2026-05-02T01:16:40.598Z,,,,,,,,,,,,,,,,,,,,,,,,,,,,,,,,,,,,,,,,,,,,,,,,,,,,,,,,,,,,,,,,,,,,,,,,,,,,,,,,,,,,,,,,,,,,,,,,,,,,,,,,,,,,,,,,,,,,,,,,,,,,,,,,,,,,,,,,,,,,,,,,,,,,,,,,,,,,,,,,,,,,,,,,,,,,,,,,,,,,,,,,,,,,,,,,,,,,,,,,,,,,,,,,,,,,,,,,,,,,,,,,,,,,,,,,,,,,,,,,,,,,,,,,,,,,,,,,,,,,,,,,,,,,,,,,,
69f550780702ce3421da6e56,69f550030702ce3421da6e49,69f5503f0702ce3421da6e51,44c90192d811,4096,16384,0,MetricsCollector() takes no arguments,localhost,2026-05-02T01:16:40.720Z,,,,,,,,,,,,,,,,,,,,,,,,,,,,,,,,,,,,,,,,,,,,,,,,,,,,,,,,,,,,,,,,,,,,,,,,,,,,,,,,,,,,,,,,,,,,,,,,,,,,,,,,,,,,,,,,,,,,,,,,,,,,,,,,,,,,,,,,,,,,,,,,,,,,,,,,,,,,,,,,,,,,,,,,,,,,,,,,,,,,,,,,,,,,,,,,,,,,,,,,,,,,,,,,,,,,,,,,,,,,,,,,,,,,,,,,,,,,,,,,,,,,,,,,,,,,,,,,,,,,,,,,,,,,,,,,,
69f550780702ce3421da6e57,69f550030702ce3421da6e49,69f5503f0702ce3421da6e51,44c90192d811,8192,32768,0,MetricsCollector() takes no arguments,localhost,2026-05-02T01:16:40.843Z,,,,,,,,,,,,,,,,,,,,,,,,,,,,,,,,,,,,,,,,,,,,,,,,,,,,,,,,,,,,,,,,,,,,,,,,,,,,,,,,,,,,,,,,,,,,,,,,,,,,,,,,,,,,,,,,,,,,,,,,,,,,,,,,,,,,,,,,,,,,,,,,,,,,,,,,,,,,,,,,,,,,,,,,,,,,,,,,,,,,,,,,,,,,,,,,,,,,,,,,,,,,,,,,,,,,,,,,,,,,,,,,,,,,,,,,,,,,,,,,,,,,,,,,,,,,,,,,,,,,,,,,,,,,,,,,,
69f550b30702ce3421da6e59,69f550030702ce3421da6e49,69f5507a0702ce3421da6e58,ab6a6b7335c0,1024,1024,0,MetricsCollector() takes no arguments,localhost,2026-05-02T01:17:39.550Z,,,,,,,,,,,,,,,,,,,,,,,,,,,,,,,,,,,,,,,,,,,,,,,,,,,,,,,,,,,,,,,,,,,,,,,,,,,,,,,,,,,,,,,,,,,,,,,,,,,,,,,,,,,,,,,,,,,,,,,,,,,,,,,,,,,,,,,,,,,,,,,,,,,,,,,,,,,,,,,,,,,,,,,,,,,,,,,,,,,,,,,,,,,,,,,,,,,,,,,,,,,,,,,,,,,,,,,,,,,,,,,,,,,,,,,,,,,,,,,,,,,,,,,,,,,,,,,,,,,,,,,,,,,,,,,,,
69f550b30702ce3421da6e5a,69f550030702ce3421da6e49,69f5507a0702ce3421da6e58,ab6a6b7335c0,1024,4096,0,MetricsCollector() takes no arguments,localhost,2026-05-02T01:17:39.673Z,,,,,,,,,,,,,,,,,,,,,,,,,,,,,,,,,,,,,,,,,,,,,,,,,,,,,,,,,,,,,,,,,,,,,,,,,,,,,,,,,,,,,,,,,,,,,,,,,,,,,,,,,,,,,,,,,,,,,,,,,,,,,,,,,,,,,,,,,,,,,,,,,,,,,,,,,,,,,,,,,,,,,,,,,,,,,,,,,,,,,,,,,,,,,,,,,,,,,,,,,,,,,,,,,,,,,,,,,,,,,,,,,,,,,,,,,,,,,,,,,,,,,,,,,,,,,,,,,,,,,,,,,,,,,,,,,
69f550b30702ce3421da6e5b,69f550030702ce3421da6e49,69f5507a0702ce3421da6e58,ab6a6b7335c0,1024,8192,0,MetricsCollector() takes no arguments,localhost,2026-05-02T01:17:39.799Z,,,,,,,,,,,,,,,,,,,,,,,,,,,,,,,,,,,,,,,,,,,,,,,,,,,,,,,,,,,,,,,,,,,,,,,,,,,,,,,,,,,,,,,,,,,,,,,,,,,,,,,,,,,,,,,,,,,,,,,,,,,,,,,,,,,,,,,,,,,,,,,,,,,,,,,,,,,,,,,,,,,,,,,,,,,,,,,,,,,,,,,,,,,,,,,,,,,,,,,,,,,,,,,,,,,,,,,,,,,,,,,,,,,,,,,,,,,,,,,,,,,,,,,,,,,,,,,,,,,,,,,,,,,,,,,,,
69f550b30702ce3421da6e5c,69f550030702ce3421da6e49,69f5507a0702ce3421da6e58,ab6a6b7335c0,2048,8192,0,MetricsCollector() takes no arguments,localhost,2026-05-02T01:17:39.920Z,,,,,,,,,,,,,,,,,,,,,,,,,,,,,,,,,,,,,,,,,,,,,,,,,,,,,,,,,,,,,,,,,,,,,,,,,,,,,,,,,,,,,,,,,,,,,,,,,,,,,,,,,,,,,,,,,,,,,,,,,,,,,,,,,,,,,,,,,,,,,,,,,,,,,,,,,,,,,,,,,,,,,,,,,,,,,,,,,,,,,,,,,,,,,,,,,,,,,,,,,,,,,,,,,,,,,,,,,,,,,,,,,,,,,,,,,,,,,,,,,,,,,,,,,,,,,,,,,,,,,,,,,,,,,,,,,
69f550b40702ce3421da6e5d,69f550030702ce3421da6e49,69f5507a0702ce3421da6e58,ab6a6b7335c0,4096,16384,0,MetricsCollector() takes no arguments,localhost,2026-05-02T01:17:40.043Z,,,,,,,,,,,,,,,,,,,,,,,,,,,,,,,,,,,,,,,,,,,,,,,,,,,,,,,,,,,,,,,,,,,,,,,,,,,,,,,,,,,,,,,,,,,,,,,,,,,,,,,,,,,,,,,,,,,,,,,,,,,,,,,,,,,,,,,,,,,,,,,,,,,,,,,,,,,,,,,,,,,,,,,,,,,,,,,,,,,,,,,,,,,,,,,,,,,,,,,,,,,,,,,,,,,,,,,,,,,,,,,,,,,,,,,,,,,,,,,,,,,,,,,,,,,,,,,,,,,,,,,,,,,,,,,,,
69f550b40702ce3421da6e5e,69f550030702ce3421da6e49,69f5507a0702ce3421da6e58,ab6a6b7335c0,8192,32768,0,MetricsCollector() takes no arguments,localhost,2026-05-02T01:17:40.182Z,,,,,,,,,,,,,,,,,,,,,,,,,,,,,,,,,,,,,,,,,,,,,,,,,,,,,,,,,,,,,,,,,,,,,,,,,,,,,,,,,,,,,,,,,,,,,,,,,,,,,,,,,,,,,,,,,,,,,,,,,,,,,,,,,,,,,,,,,,,,,,,,,,,,,,,,,,,,,,,,,,,,,,,,,,,,,,,,,,,,,,,,,,,,,,,,,,,,,,,,,,,,,,,,,,,,,,,,,,,,,,,,,,,,,,,,,,,,,,,,,,,,,,,,,,,,,,,,,,,,,,,,,,,,,,,,,
69f555994f79722973527172,69f553444f79722973527170,69f553444f79722973527171,3278005fb230,1024,1024,0,,localhost,2026-05-02T01:38:33.399Z,0,0,99999,99999,99999,99999,99999,99999,99999,1,0,0,0,0,99999,99999,99999,99999,99999,99999,99999,1,0,0,,,,,0,,109.86,false,3,true,0,throughput,,,,,,,,,,,,,,,,,,,,,,,,,,,,,,,,,,,,,,,,,,,,,,,,,,,,,,,,,,,,,,,,,,,,,,,,,,,,,,,,,,,,,,,,,,,,,,,,,,,,,,,,,,,,,,,,,,,,,,,,,,,,,,,,,,,,,,,,,,,,,,,,,,,,,,,,,,,,,,,,,,,,,,,,,,,,,,,,,,,,,,,,,,,,,,,,,,,,,,,,,,,,,,,,,,,,,,,,,,,,,,,,,,,,,,,,,,,,,
69f5597e62b6e03d73929a3b,69f5581662b6e03d73929a39,69f5581662b6e03d73929a3a,3278005fb230,1024,1024,0.449314,,localhost,2026-05-02T01:55:10.222Z,5400.15,5.274,5652.18,5652.18,4879.15,5406.63,5.506,6.608,0,0,7,64,5400.15,5.274,5652.18,5652.18,4879.15,5406.63,5.506,6.608,0,0,7,64,,,,,0,,109.86,false,0,false,0.449314,throughput,,,,,,,,,,,,,,,,,,,,,,,,,,,,,,,,,,,,,,,,,,,,,,,,,,,,,,,,,,,,,,,,,,,,,,,,,,,,,,,,,,,,,,,,,,,,,,,,,,,,,,,,,,,,,,,,,,,,,,,,,,,,,,,,,,,,,,,,,,,,,,,,,,,,,,,,,,,,,,,,,,,,,,,,,,,,,,,,,,,,,,,,,,,,,,,,,,,,,,,,,,,,,,,,,,,,,,,,,,,,,,,,,,,,,,,,,,,,,
69f55c3c62b6e03d73929a3c,69f5581662b6e03d73929a39,69f5581662b6e03d73929a3a,3278005fb230,1024,4096,0.436997,,localhost,2026-05-02T02:06:52.345Z,4840.79,1.182,25348.57,25348.57,19590.03,19592.35,6.186,7.423,0,0,7,32,4840.79,1.182,25348.57,25348.57,19590.03,19592.35,6.186,7.423,0,0,7,32,,,,,,,,false,0,false,0.436997,throughput,,,,,,,,,,,,,,,,,,,,,,,,,,,,,,,,,,,,,,,,,,,,,,,,,,,,,,,,,,,,,,,,,,,,,,,,,,,,,,,,,,,,,,,,,,,,,,,,,,,,,,,,,,,,,,,,,,,,,,,,,,,,,,,,,,,,,,,,,,,,,,,,,,,,,,,,,,,,,,,,,,,,,,,,,,,,,,,,,,,,,,,,,,,,,,,,,,,,,,,,,,,,,,,,,,,,,,,,,,,,,,,,,,,,,,,,,,,,,
69f55da662b6e03d73929a3e,69f5581662b6e03d73929a39,69f55c3e62b6e03d73929a3d,44c90192d811,1024,1024,0.449372,,localhost,2026-05-02T02:12:54.263Z,5402.96,5.276,5653.19,5653.19,4875.44,5373.22,5.515,6.618,0,0,7,64,5402.96,5.276,5653.19,5653.19,4875.44,5373.22,5.515,6.618,0,0,7,64,,,,,1,,109.86,false,0,false,0.449372,throughput,,,,,,,,,,,,,,,,,,,,,,,,,,,,,,,,,,,,,,,,,,,,,,,,,,,,,,,,,,,,,,,,,,,,,,,,,,,,,,,,,,,,,,,,,,,,,,,,,,,,,,,,,,,,,,,,,,,,,,,,,,,,,,,,,,,,,,,,,,,,,,,,,,,,,,,,,,,,,,,,,,,,,,,,,,,,,,,,,,,,,,,,,,,,,,,,,,,,,,,,,,,,,,,,,,,,,,,,,,,,,,,,,,,,,,,,,,,,,
69f5606362b6e03d73929a3f,69f5581662b6e03d73929a39,69f55c3e62b6e03d73929a3d,44c90192d811,1024,4096,0.437637,,localhost,2026-05-02T02:24:35.684Z,4868.38,1.189,25204.82,25204.82,19573.47,19575.96,6.15,7.38,0,0,7,64,4868.38,1.189,25204.82,25204.82,19573.47,19575.96,6.15,7.38,0,0,7,64,,,,,,,,false,0,false,0.437637,throughput,,,,,,,,,,,,,,,,,,,,,,,,,,,,,,,,,,,,,,,,,,,,,,,,,,,,,,,,,,,,,,,,,,,,,,,,,,,,,,,,,,,,,,,,,,,,,,,,,,,,,,,,,,,,,,,,,,,,,,,,,,,,,,,,,,,,,,,,,,,,,,,,,,,,,,,,,,,,,,,,,,,,,,,,,,,,,,,,,,,,,,,,,,,,,,,,,,,,,,,,,,,,,,,,,,,,,,,,,,,,,,,,,,,,,,,,,,,,,
69f561cf62b6e03d73929a41,69f5581662b6e03d73929a39,69f5606562b6e03d73929a40,1ec9e8e0e673,1024,1024,0.448293,,localhost,2026-05-02T02:30:39.666Z,5351.42,5.226,5703.81,5703.81,4909.82,5410.97,5.561,6.673,0,0,7,64,5351.42,5.226,5703.81,5703.81,4909.82,5410.97,5.561,6.673,0,0,7,64,,,,,0,,108.83,false,0,false,0.448293,throughput,,,,,,,,,,,,,,,,,,,,,,,,,,,,,,,,,,,,,,,,,,,,,,,,,,,,,,,,,,,,,,,,,,,,,,,,,,,,,,,,,,,,,,,,,,,,,,,,,,,,,,,,,,,,,,,,,,,,,,,,,,,,,,,,,,,,,,,,,,,,,,,,,,,,,,,,,,,,,,,,,,,,,,,,,,,,,,,,,,,,,,,,,,,,,,,,,,,,,,,,,,,,,,,,,,,,,,,,,,,,,,,,,,,,,,,,,,,,,
69f5648f62b6e03d73929a42,69f5581662b6e03d73929a39,69f5606562b6e03d73929a40,1ec9e8e0e673,1024,4096,0.436128,,localhost,2026-05-02T02:42:23.669Z,4803.61,1.173,25546.42,25546.42,19724.79,19729.04,6.234,7.481,0,0,7,32,4803.61,1.173,25546.42,25546.42,19724.79,19729.04,6.234,7.481,0,0,7,32,,,,,,,,false,0,false,0.436128,throughput,,,,,,,,,,,,,,,,,,,,,,,,,,,,,,,,,,,,,,,,,,,,,,,,,,,,,,,,,,,,,,,,,,,,,,,,,,,,,,,,,,,,,,,,,,,,,,,,,,,,,,,,,,,,,,,,,,,,,,,,,,,,,,,,,,,,,,,,,,,,,,,,,,,,,,,,,,,,,,,,,,,,,,,,,,,,,,,,,,,,,,,,,,,,,,,,,,,,,,,,,,,,,,,,,,,,,,,,,,,,,,,,,,,,,,,,,,,,,
69f565fe62b6e03d73929a44,69f5581662b6e03d73929a39,69f5649162b6e03d73929a43,ec7f429737ed,1024,1024,0.448574,,localhost,2026-05-02T02:48:30.945Z,5364.8,5.239,5691.17,5691.17,4970.22,5483.92,5.546,6.655,0,0,7,64,5364.8,5.239,5691.17,5691.17,4970.22,5483.92,5.546,6.655,0,0,7,64,,,,,0,,109.86,false,0,false,0.448574,throughput,,,,,,,,,,,,,,,,,,,,,,,,,,,,,,,,,,,,,,,,,,,,,,,,,,,,,,,,,,,,,,,,,,,,,,,,,,,,,,,,,,,,,,,,,,,,,,,,,,,,,,,,,,,,,,,,,,,,,,,,,,,,,,,,,,,,,,,,,,,,,,,,,,,,,,,,,,,,,,,,,,,,,,,,,,,,,,,,,,,,,,,,,,,,,,,,,,,,,,,,,,,,,,,,,,,,,,,,,,,,,,,,,,,,,,,,,,,,,
69f568bf62b6e03d73929a45,69f5581662b6e03d73929a39,69f5649162b6e03d73929a43,ec7f429737ed,1024,4096,0.439204,,localhost,2026-05-02T03:00:15.139Z,4936.57,1.205,24859.02,24859.02,19976.93,19981.42,6.067,7.281,0,0,7,64,4936.57,1.205,24859.02,24859.02,19976.93,19981.42,6.067,7.281,0,0,7,64,,,,,,,,false,0,false,0.439204,throughput,,,,,,,,,,,,,,,,,,,,,,,,,,,,,,,,,,,,,,,,,,,,,,,,,,,,,,,,,,,,,,,,,,,,,,,,,,,,,,,,,,,,,,,,,,,,,,,,,,,,,,,,,,,,,,,,,,,,,,,,,,,,,,,,,,,,,,,,,,,,,,,,,,,,,,,,,,,,,,,,,,,,,,,,,,,,,,,,,,,,,,,,,,,,,,,,,,,,,,,,,,,,,,,,,,,,,,,,,,,,,,,,,,,,,,,,,,,,,
69f56a2962b6e03d73929a47,69f5581662b6e03d73929a39,69f568c162b6e03d73929a46,e6d1af1135f6,1024,1024,0.449339,,localhost,2026-05-02T03:06:17.077Z,5401.35,5.275,5652.5,5652.5,4881.63,5380.11,5.51,6.613,0,0,7,64,5401.35,5.275,5652.5,5652.5,4881.63,5380.11,5.51,6.613,0,0,7,64,,,,,0,,109.86,false,0,false,0.449339,throughput,,,,,,,,,,,,,,,,,,,,,,,,,,,,,,,,,,,,,,,,,,,,,,,,,,,,,,,,,,,,,,,,,,,,,,,,,,,,,,,,,,,,,,,,,,,,,,,,,,,,,,,,,,,,,,,,,,,,,,,,,,,,,,,,,,,,,,,,,,,,,,,,,,,,,,,,,,,,,,,,,,,,,,,,,,,,,,,,,,,,,,,,,,,,,,,,,,,,,,,,,,,,,,,,,,,,,,,,,,,,,,,,,,,,,,,,,,,,,
69f56ce762b6e03d73929a48,69f5581662b6e03d73929a39,69f568c162b6e03d73929a46,e6d1af1135f6,1024,4096,0.436833,,localhost,2026-05-02T03:17:59.120Z,4833.77,1.18,25388.24,25388.24,19599.29,19602.58,6.196,7.435,0,0,7,64,4833.77,1.18,25388.24,25388.24,19599.29,19602.58,6.196,7.435,0,0,7,64,,,,,,,,false,0,false,0.436833,throughput,,,,,,,,,,,,,,,,,,,,,,,,,,,,,,,,,,,,,,,,,,,,,,,,,,,,,,,,,,,,,,,,,,,,,,,,,,,,,,,,,,,,,,,,,,,,,,,,,,,,,,,,,,,,,,,,,,,,,,,,,,,,,,,,,,,,,,,,,,,,,,,,,,,,,,,,,,,,,,,,,,,,,,,,,,,,,,,,,,,,,,,,,,,,,,,,,,,,,,,,,,,,,,,,,,,,,,,,,,,,,,,,,,,,,,,,,,,,,
69f59e66d745fd888c479d8a,69f59cfed745fd888c479d88,69f59cfed745fd888c479d89,3278005fb230,1024,1024,0.449231,,localhost,2026-05-02T06:49:10.526Z,5396.21,5.27,5655.77,5655.77,4878.87,5441.86,5.517,6.621,0,0,7,32,5396.21,5.27,5655.77,5655.77,4878.87,5441.86,5.517,6.621,0,0,7,32,,,,,0,,109.86,false,0,false,0.449231,throughput,1,1,false,1,mp,0.9,16,auto,false,256,8192,auto,,32768,false,auto,false,0,false,auto,allgather_reducescatter,false,0,sha256,,,,1,2,4,8,16,32,64,1024,1024,1024,1024,1024,1024,1024,1024,1024,1024,1024,1024,1024,1024,30,30,30,30,30,30,30,146.967,73.602,39.965,20.417,10.611,5.693,5.696,0.204,0.408,0.751,1.469,2.827,5.27,5.267,209.03,417.38,768.67,1504.59,2895.22,5396.21,5393.39,418.05,834.76,1537.34,3009.18,5790.43,10792.42,10786.78,4897.68,4904.49,4998.09,5096.83,5281.66,5649.72,5656.55,4878.87,4903.87,4994.22,5103.68,5282.94,5650.2,5658.15,4880.29,4907.1,5069.28,5112.14,5311.92,5654.8,5661.19,5441.86,4909.38,5071.83,5112.58,5312.74,5655.77,5663.12,5441.86,4909.38,5071.83,5112.58,5312.74,5655.77,5663.12,4878.87,4903.87,4994.22,5103.68,5282.94,5650.2,5658.15,4878.87,4903.87,4994.22,5103.68,5282.94,5650.2,5658.15,5441.86,4909.38,5071.83,5112.58,5312.74,5655.77,5663.12,5441.86,4909.38,5071.83,5112.58,5312.74,5655.77,5663.12,4.783,4.79,4.881,4.977,5.158,5.517,5.524,4.783,4.79,4.881,4.977,5.158,5.517,5.524,5.739,5.747,5.857,5.973,6.189,6.621,6.629,7.174,7.184,7.321,7.466,7.737,8.276,8.286,0,0,0,0,0,0,0,0,0,0,0,0,0,0,0,0,0,0,0,0,0,0,0,0,0,0,0,0,0,0,0,0,0,0,0,0,0,0,0,0,0,0,false,false,false,false,false,false,false,,,,,,,,concurrency=1 n=30 tok/s=209.0 p95_ms=5441.9,concurrency=2 n=30 tok/s=417.4 p95_ms=4909.4,concurrency=4 n=30 tok/s=768.7 p95_ms=5071.8,concurrency=8 n=30 tok/s=1504.6 p95_ms=5112.6,concurrency=16 n=30 tok/s=2895.2 p95_ms=5312.7,concurrency=32 n=30 tok/s=5396.2 p95_ms=5655.8,concurrency=64 n=30 tok/s=5393.4 p95_ms=5663.1
69f5a124d745fd888c479d8b,69f59cfed745fd888c479d88,69f59cfed745fd888c479d89,3278005fb230,1024,4096,0.436874,,localhost,2026-05-02T07:00:52.646Z,4835.52,1.181,25375.43,25375.43,19584.36,19589.48,6.191,7.43,0,0,7,64,4835.52,1.181,25375.43,25375.43,19584.36,19589.48,6.191,7.43,0,0,7,64,,,,,,,,false,0,false,0.436874,throughput,1,1,false,1,mp,0.9,16,auto,false,256,8192,auto,,32768,false,auto,false,0,false,auto,allgather_reducescatter,false,0,sha256,,,,1,2,4,8,16,32,64,1024,1024,1024,1024,1024,1024,1024,4096,4096,4096,4096,4096,4096,4096,9,18,30,30,30,30,30,180.035,180.035,161.481,83.65,45.641,25.532,25.412,0.05,0.1,0.186,0.359,0.657,1.175,1.181,204.76,409.52,760.96,1468.99,2692.32,4812.8,4835.52,255.95,511.9,951.2,1836.23,3365.4,6016,6044.4,19584.09,19773.16,20208.14,20916.13,22783.74,25492.06,25360.17,19584.36,19773.23,20237.86,20968.35,22656.63,25494.58,25372.05,19589.48,19777.02,20247.87,20980.62,22948.13,25496.97,25374.58,19589.48,19777.92,20248.54,20981.29,22950.53,25498.28,25375.43,19589.48,19777.92,20248.54,20981.29,22950.53,25498.28,25375.43,19584.36,19773.23,20237.86,20968.35,22656.63,25494.58,25372.05,19584.36,19773.23,20237.86,20968.35,22656.63,25494.58,25372.05,19589.48,19777.92,20248.54,20981.29,22950.53,25498.28,25375.43,19589.48,19777.92,20248.54,20981.29,22950.53,25498.28,25375.43,4.781,4.827,4.934,5.106,5.562,6.224,6.191,4.781,4.827,4.934,5.106,5.562,6.224,6.191,5.738,5.793,5.92,6.128,6.675,7.468,7.43,7.172,7.241,7.4,7.66,8.344,9.335,9.287,0,0,0,0,0,0,0,0,0,0,0,0,0,0,0,0,0,0,0,0,0,0,0,0,0,0,0,0,0,0,0,0,0,0,0,0,0,0,0,0,0,0,false,false,false,false,false,false,false,,,,,,,,concurrency=1 n=9 tok/s=204.8 p95_ms=19589.5,concurrency=2 n=18 tok/s=409.5 p95_ms=19777.9,concurrency=4 n=30 tok/s=761.0 p95_ms=20248.5,concurrency=8 n=30 tok/s=1469.0 p95_ms=20981.3,concurrency=16 n=30 tok/s=2692.3 p95_ms=22950.5,concurrency=32 n=30 tok/s=4812.8 p95_ms=25498.3,concurrency=64 n=30 tok/s=4835.5 p95_ms=25375.4
69f5a28ed745fd888c479d8d,69f59cfed745fd888c479d88,69f5a126d745fd888c479d8c,44c90192d811,1024,1024,0.449445,,localhost,2026-05-02T07:06:54.813Z,5406.47,5.28,5646.13,5646.13,4878.13,5383.18,5.502,6.602,0,0,7,64,5406.47,5.28,5646.13,5646.13,4878.13,5383.18,5.502,6.602,0,0,7,64,,,,,0,,109.86,false,0,false,0.449445,throughput,1,1,false,1,mp,0.9,16,auto,true,256,8192,auto,,32768,false,auto,false,0,false,auto,allgather_reducescatter,false,0,sha256,,,,1,2,4,8,16,32,64,1024,1024,1024,1024,1024,1024,1024,1024,1024,1024,1024,1024,1024,1024,30,30,30,30,30,30,30,146.879,73.604,39.908,20.498,10.617,5.706,5.682,0.204,0.408,0.752,1.464,2.826,5.258,5.28,209.15,417.37,769.78,1498.71,2893.52,5383.88,5406.47,418.3,834.74,1539.55,2997.43,5787.04,10767.77,10812.93,4894.84,4904.51,4988.41,5117.59,5285.28,5665.6,5634.01,4878.13,4904.16,4993.98,5104.48,5284.15,5666.65,5640.19,4879.55,4907.28,4998.73,5187.29,5309.95,5668.85,5645.56,5383.18,4907.78,4999.17,5188.08,5311.56,5669.39,5646.13,5383.18,4907.78,4999.17,5188.08,5311.56,5669.39,5646.13,4878.13,4904.16,4993.98,5104.48,5284.15,5666.65,5640.19,4878.13,4904.16,4993.98,5104.48,5284.15,5666.65,5640.19,5383.18,4907.78,4999.17,5188.08,5311.56,5669.39,5646.13,5383.18,4907.78,4999.17,5188.08,5311.56,5669.39,5646.13,4.78,4.79,4.871,4.998,5.161,5.533,5.502,4.78,4.79,4.871,4.998,5.161,5.533,5.502,5.736,5.747,5.846,5.997,6.194,6.639,6.602,7.17,7.184,7.307,7.496,7.742,8.299,8.253,0,0,0,0,0,0,0,0,0,0,0,0,0,0,0,0,0,0,0,0,0,0,0,0,0,0,0,0,0,0,0,0,0,0,0,0,0,0,0,0,0,0,false,false,false,false,false,false,false,,,,,,,,concurrency=1 n=30 tok/s=209.2 p95_ms=5383.2,concurrency=2 n=30 tok/s=417.4 p95_ms=4907.8,concurrency=4 n=30 tok/s=769.8 p95_ms=4999.2,concurrency=8 n=30 tok/s=1498.7 p95_ms=5188.1,concurrency=16 n=30 tok/s=2893.5 p95_ms=5311.6,concurrency=32 n=30 tok/s=5383.9 p95_ms=5669.4,concurrency=64 n=30 tok/s=5406.5 p95_ms=5646.1
69f5a54cd745fd888c479d8e,69f59cfed745fd888c479d88,69f5a126d745fd888c479d8c,44c90192d811,1024,4096,0.437078,,localhost,2026-05-02T07:18:36.685Z,4844.3,1.183,25330.83,25330.83,19582.8,19585.73,6.181,7.417,0,0,7,64,4844.3,1.183,25330.83,25330.83,19582.8,19585.73,6.181,7.417,0,0,7,64,,,,,,,,false,0,false,0.437078,throughput,1,1,false,1,mp,0.9,16,auto,true,256,8192,auto,,32768,false,auto,false,0,false,auto,allgather_reducescatter,false,0,sha256,,,,1,2,4,8,16,32,64,1024,1024,1024,1024,1024,1024,1024,4096,4096,4096,4096,4096,4096,4096,9,18,30,30,30,30,30,180.034,180.034,161.524,83.65,45.587,25.372,25.366,0.05,0.1,0.186,0.359,0.658,1.182,1.183,204.76,409.52,760.75,1468.98,2695.5,4843.07,4844.3,255.95,511.9,950.94,1836.23,3369.37,6053.84,6055.38,19582.82,19769.72,20212.69,20916.39,22761.43,25324.21,25317.36,19582.8,19768.96,20243.29,20972.71,22677.3,25332.73,25326.61,19585.73,19773.6,20251.14,20981.94,22875.97,25335.69,25329.67,19585.73,19773.87,20251.24,20982.64,22877.44,25336.3,25330.83,19585.73,19773.87,20251.24,20982.64,22877.44,25336.3,25330.83,19582.8,19768.96,20243.29,20972.71,22677.3,25332.73,25326.61,19582.8,19768.96,20243.29,20972.71,22677.3,25332.73,25326.61,19585.73,19773.87,20251.24,20982.64,22877.44,25336.3,25330.83,19585.73,19773.87,20251.24,20982.64,22877.44,25336.3,25330.83,4.781,4.827,4.935,5.107,5.557,6.183,6.181,4.781,4.827,4.935,5.107,5.557,6.183,6.181,5.737,5.792,5.922,6.128,6.668,7.419,7.417,7.171,7.24,7.402,7.66,8.335,9.274,9.271,0,0,0,0,0,0,0,0,0,0,0,0,0,0,0,0,0,0,0,0,0,0,0,0,0,0,0,0,0,0,0,0,0,0,0,0,0,0,0,0,0,0,false,false,false,false,false,false,false,,,,,,,,concurrency=1 n=9 tok/s=204.8 p95_ms=19585.7,concurrency=2 n=18 tok/s=409.5 p95_ms=19773.9,concurrency=4 n=30 tok/s=760.8 p95_ms=20251.2,concurrency=8 n=30 tok/s=1469.0 p95_ms=20982.6,concurrency=16 n=30 tok/s=2695.5 p95_ms=22877.4,concurrency=32 n=30 tok/s=4843.1 p95_ms=25336.3,concurrency=64 n=30 tok/s=4844.3 p95_ms=25330.8
69f5a6b8d745fd888c479d90,69f59cfed745fd888c479d88,69f5a54ed745fd888c479d8f,1ec9e8e0e673,1024,1024,0.44866,,localhost,2026-05-02T07:24:40.652Z,5368.9,5.243,5688.74,5688.74,4911.07,5405.61,5.541,6.649,0,0,7,64,5368.9,5.243,5688.74,5688.74,4911.07,5405.61,5.541,6.649,0,0,7,64,,,,,0,,108.83,false,0,false,0.44866,throughput,1,1,false,1,mp,0.9,16,auto,true,256,16384,auto,,32768,false,auto,false,0,false,auto,allgather_reducescatter,false,0,sha256,,,,1,2,4,8,16,32,64,1024,1024,1024,1024,1024,1024,1024,1024,1024,1024,1024,1024,1024,1024,30,30,30,30,30,30,30,147.858,74.179,40.152,20.544,10.759,5.744,5.722,0.203,0.404,0.747,1.46,2.788,5.223,5.243,207.77,414.13,765.1,1495.3,2855.18,5348.1,5368.9,415.53,828.27,1530.19,2990.61,5710.36,10696.19,10737.8,4927.46,4942.9,5018,5128.29,5360.61,5704.21,5674.17,4911.07,4942.62,5022.91,5133.74,5400.28,5705.22,5682.55,4912.56,4944.4,5026.38,5144.08,5413.58,5707.53,5686.54,5405.61,4950.29,5026.84,5145.73,5414.77,5709.43,5688.74,5405.61,4950.29,5026.84,5145.73,5414.77,5709.43,5688.74,4911.07,4942.62,5022.91,5133.74,5400.28,5705.22,5682.55,4911.07,4942.62,5022.91,5133.74,5400.28,5705.22,5682.55,5405.61,4950.29,5026.84,5145.73,5414.77,5709.43,5688.74,5405.61,4950.29,5026.84,5145.73,5414.77,5709.43,5688.74,4.812,4.827,4.9,5.008,5.235,5.571,5.541,4.812,4.827,4.9,5.008,5.235,5.571,5.541,5.774,5.792,5.88,6.01,6.282,6.685,6.649,7.218,7.241,7.351,7.512,7.852,8.356,8.312,0,0,0,0,0,0,0,0,0,0,0,0,0,0,0,0,0,0,0,0,0,0,0,0,0,0,0,0,0,0,0,0,0,0,0,0,0,0,0,0,0,0,false,false,false,false,false,false,false,,,,,,,,concurrency=1 n=30 tok/s=207.8 p95_ms=5405.6,concurrency=2 n=30 tok/s=414.1 p95_ms=4950.3,concurrency=4 n=30 tok/s=765.1 p95_ms=5026.8,concurrency=8 n=30 tok/s=1495.3 p95_ms=5145.7,concurrency=16 n=30 tok/s=2855.2 p95_ms=5414.8,concurrency=32 n=30 tok/s=5348.1 p95_ms=5709.4,concurrency=64 n=30 tok/s=5368.9 p95_ms=5688.7
69f5a978d745fd888c479d91,69f59cfed745fd888c479d88,69f5a54ed745fd888c479d8f,1ec9e8e0e673,1024,4096,0.436304,,localhost,2026-05-02T07:36:24.624Z,4811.09,1.175,25505.17,25505.17,19718.43,19721.65,6.223,7.467,0,0,7,64,4811.09,1.175,25505.17,25505.17,19718.43,19721.65,6.223,7.467,0,0,7,64,,,,,,,,false,0,false,0.436304,throughput,1,1,false,1,mp,0.9,16,auto,true,256,16384,auto,,32768,false,auto,false,0,false,auto,allgather_reducescatter,false,0,sha256,,,,1,2,4,8,16,32,64,1024,1024,1024,1024,1024,1024,1024,4096,4096,4096,4096,4096,4096,4096,9,18,30,30,30,30,30,180.039,180.033,162.404,84.147,45.833,25.549,25.541,0.05,0.1,0.185,0.357,0.655,1.174,1.175,204.76,409.52,756.63,1460.31,2681.03,4809.49,4811.09,255.94,511.91,945.79,1825.38,3351.29,6011.86,6013.86,19718.52,19932.95,20321.53,21042.56,22894.45,25506.58,25488.87,19718.43,19921.41,20349.47,21098.08,22878.6,25508.71,25502.59,19721.65,20020.62,20355.13,21116.06,22920.28,25512.67,25504.64,19721.65,20020.74,20356.41,21116.55,22921.09,25513.42,25505.17,19721.65,20020.74,20356.41,21116.55,22921.09,25513.42,25505.17,19718.43,19921.41,20349.47,21098.08,22878.6,25508.71,25502.59,19718.43,19921.41,20349.47,21098.08,22878.6,25508.71,25502.59,19721.65,20020.74,20356.41,21116.55,22921.09,25513.42,25505.17,19721.65,20020.74,20356.41,21116.55,22921.09,25513.42,25505.17,4.814,4.866,4.961,5.137,5.589,6.227,6.223,4.814,4.866,4.961,5.137,5.589,6.227,6.223,5.777,5.84,5.954,6.165,6.707,7.473,7.467,7.221,7.3,7.442,7.706,8.384,9.341,9.334,0,0,0,0,0,0,0,0,0,0,0,0,0,0,0,0,0,0,0,0,0,0,0,0,0,0,0,0,0,0,0,0,0,0,0,0,0,0,0,0,0,0,false,false,false,false,false,false,false,,,,,,,,concurrency=1 n=9 tok/s=204.8 p95_ms=19721.7,concurrency=2 n=18 tok/s=409.5 p95_ms=20020.7,concurrency=4 n=30 tok/s=756.6 p95_ms=20356.4,concurrency=8 n=30 tok/s=1460.3 p95_ms=21116.6,concurrency=16 n=30 tok/s=2681.0 p95_ms=22921.1,concurrency=32 n=30 tok/s=4809.5 p95_ms=25513.4,concurrency=64 n=30 tok/s=4811.1 p95_ms=25505.2
69f5aae8d745fd888c479d93,69f59cfed745fd888c479d88,69f5a97ad745fd888c479d92,ec7f429737ed,1024,1024,0.448607,,localhost,2026-05-02T07:42:32.186Z,5366.36,5.241,5687.72,5687.72,4974.74,5509.44,5.541,6.649,0,0,7,64,5366.36,5.241,5687.72,5687.72,4974.74,5509.44,5.541,6.649,0,0,7,64,,,,,0,,109.86,false,0,false,0.448607,throughput,1,1,false,1,mp,0.9,16,fp8,true,256,8192,auto,,32768,false,auto,false,0,false,auto,allgather_reducescatter,false,0,sha256,,,,1,2,4,8,16,32,64,1024,1024,1024,1024,1024,1024,1024,1024,1024,1024,1024,1024,1024,1024,30,30,30,30,30,30,30,149.808,75.095,40.61,20.745,10.915,5.743,5.725,0.2,0.399,0.739,1.446,2.749,5.224,5.241,205.06,409.08,756.46,1480.85,2814.5,5349.14,5366.36,410.13,818.16,1512.92,2961.69,5629.01,10698.28,10732.72,4992.43,5003.8,5075.75,5177.78,5437.06,5694.78,5674.18,4974.74,5003.4,5080.81,5185.68,5450.67,5704.02,5683.79,4975.43,5006.8,5083.41,5190.5,5466.94,5707.34,5687.01,5509.44,5008.36,5083.79,5192.32,5467.08,5708.31,5687.72,5509.44,5008.36,5083.79,5192.32,5467.08,5708.31,5687.72,4974.74,5003.4,5080.81,5185.68,5450.67,5704.02,5683.79,4974.74,5003.4,5080.81,5185.68,5450.67,5704.02,5683.79,5509.44,5008.36,5083.79,5192.32,5467.08,5708.31,5687.72,5509.44,5008.36,5083.79,5192.32,5467.08,5708.31,5687.72,4.875,4.887,4.957,5.056,5.31,5.561,5.541,4.875,4.887,4.957,5.056,5.31,5.561,5.541,5.851,5.864,5.948,6.068,6.372,6.674,6.649,7.313,7.33,7.435,7.585,7.964,8.342,8.312,0,0,0,0,0,0,0,0,0,0,0,0,0,0,0,0,0,0,0,0,0,0,0,0,0,0,0,0,0,0,0,0,0,0,0,0,0,0,0,0,0,0,false,false,false,false,false,false,false,,,,,,,,concurrency=1 n=30 tok/s=205.1 p95_ms=5509.4,concurrency=2 n=30 tok/s=409.1 p95_ms=5008.4,concurrency=4 n=30 tok/s=756.5 p95_ms=5083.8,concurrency=8 n=30 tok/s=1480.8 p95_ms=5192.3,concurrency=16 n=30 tok/s=2814.5 p95_ms=5467.1,concurrency=32 n=30 tok/s=5349.1 p95_ms=5708.3,concurrency=64 n=30 tok/s=5366.4 p95_ms=5687.7
69f5ada8d745fd888c479d94,69f59cfed745fd888c479d88,69f5a97ad745fd888c479d92,ec7f429737ed,1024,4096,0.439261,,localhost,2026-05-02T07:54:16.592Z,4939.07,1.206,24844.22,24844.22,19989.8,19992.6,6.062,7.274,0,0,7,32,4939.07,1.206,24844.22,24844.22,19989.8,19992.6,6.062,7.274,0,0,7,32,,,,,,,,false,0,false,0.439261,throughput,1,1,false,1,mp,0.9,16,fp8,true,256,8192,auto,,32768,false,auto,false,0,false,auto,allgather_reducescatter,false,0,sha256,,,,1,2,4,8,16,32,64,1024,1024,1024,1024,1024,1024,1024,4096,4096,4096,4096,4096,4096,4096,9,16,30,30,30,30,30,180.033,180.041,163.678,84.339,45.979,24.879,25.02,0.05,0.089,0.183,0.356,0.652,1.206,1.199,204.76,364.01,750.74,1456.98,2672.55,4939.07,4911.28,255.95,455.01,938.43,1821.22,3340.68,6173.83,6139.1,19989.18,20132.45,20477.29,21087.18,22939.72,24829.1,24976.99,19989.8,20132.04,20501.04,21135.21,22594.08,24838.54,24980.95,19992.6,20134.8,20504.41,21147.29,23349.58,24842.4,24984.45,19992.6,20135.64,20504.71,21148.82,23350.08,24844.22,24986.64,19992.6,20135.64,20504.71,21148.82,23350.08,24844.22,24986.64,19989.8,20132.04,20501.04,21135.21,22594.08,24838.54,24980.95,19989.8,20132.04,20501.04,21135.21,22594.08,24838.54,24980.95,19992.6,20135.64,20504.71,21148.82,23350.08,24844.22,24986.64,19992.6,20135.64,20504.71,21148.82,23350.08,24844.22,24986.64,4.88,4.915,4.999,5.148,5.601,6.062,6.098,4.88,4.915,4.999,5.148,5.601,6.062,6.098,5.856,5.898,5.999,6.178,6.721,7.274,7.317,7.32,7.373,7.499,7.722,8.401,9.093,9.147,0,0,0,0,0,0,0,0,0,0,0,0,0,0,0,0,0,0,0,0,0,0,0,0,0,0,0,0,0,0,0,0,0,0,0,0,0,0,0,0,0,0,false,false,false,false,false,false,false,,,,,,,,concurrency=1 n=9 tok/s=204.8 p95_ms=19992.6,concurrency=2 n=16 tok/s=364.0 p95_ms=20135.6,concurrency=4 n=30 tok/s=750.7 p95_ms=20504.7,concurrency=8 n=30 tok/s=1457.0 p95_ms=21148.8,concurrency=16 n=30 tok/s=2672.5 p95_ms=23350.1,concurrency=32 n=30 tok/s=4939.1 p95_ms=24844.2,concurrency=64 n=30 tok/s=4911.3 p95_ms=24986.6
69f5af12d745fd888c479d96,69f59cfed745fd888c479d88,69f5adaad745fd888c479d95,e6d1af1135f6,1024,1024,0.449395,,localhost,2026-05-02T08:00:18.741Z,5404.04,5.277,5651.84,5651.84,4880.34,5392.86,5.512,6.614,0,0,7,64,5404.04,5.277,5651.84,5651.84,4880.34,5392.86,5.512,6.614,0,0,7,64,,,,,0,,109.86,false,0,false,0.449395,throughput,1,1,false,1,mp,0.9,16,auto,true,256,8192,auto,,32768,false,auto,false,0,true,auto,allgather_reducescatter,false,0,sha256,,,,1,2,4,8,16,32,64,1024,1024,1024,1024,1024,1024,1024,1024,1024,1024,1024,1024,1024,1024,30,30,30,30,30,30,30,147.031,73.617,39.895,20.431,10.69,5.693,5.685,0.204,0.408,0.752,1.468,2.806,5.27,5.277,208.94,417.29,770.02,1503.61,2873.75,5396.09,5404.04,417.87,834.59,1540.05,3007.22,5747.49,10792.17,10808.08,4899.89,4905.43,4987,5100.06,5323.67,5646.56,5643.91,4880.34,4905.09,4992.57,5106.85,5359.17,5653.03,5646.57,4882.84,4907.05,4994.91,5114.45,5389.23,5655.73,5648.72,5392.86,4909.62,4995.32,5116.02,5391.16,5658.29,5651.84,5392.86,4909.62,4995.32,5116.02,5391.16,5658.29,5651.84,4880.34,4905.09,4992.57,5106.85,5359.17,5653.03,5646.57,4880.34,4905.09,4992.57,5106.85,5359.17,5653.03,5646.57,5392.86,4909.62,4995.32,5116.02,5391.16,5658.29,5651.84,5392.86,4909.62,4995.32,5116.02,5391.16,5658.29,5651.84,4.785,4.79,4.87,4.981,5.199,5.514,5.512,4.785,4.79,4.87,4.981,5.199,5.514,5.512,5.742,5.749,5.844,5.977,6.239,6.617,6.614,7.178,7.186,7.305,7.471,7.798,8.271,8.267,0,0,0,0,0,0,0,0,0,0,0,0,0,0,0,0,0,0,0,0,0,0,0,0,0,0,0,0,0,0,0,0,0,0,0,0,0,0,0,0,0,0,false,false,false,false,false,false,false,,,,,,,,concurrency=1 n=30 tok/s=208.9 p95_ms=5392.9,concurrency=2 n=30 tok/s=417.3 p95_ms=4909.6,concurrency=4 n=30 tok/s=770.0 p95_ms=4995.3,concurrency=8 n=30 tok/s=1503.6 p95_ms=5116.0,concurrency=16 n=30 tok/s=2873.7 p95_ms=5391.2,concurrency=32 n=30 tok/s=5396.1 p95_ms=5658.3,concurrency=64 n=30 tok/s=5404.0 p95_ms=5651.8
69f5b1d0d745fd888c479d97,69f59cfed745fd888c479d88,69f5adaad745fd888c479d95,e6d1af1135f6,1024,4096,0.436709,,localhost,2026-05-02T08:12:00.882Z,4828.43,1.179,25415.36,25415.36,19596.64,19599.61,6.2,7.44,0,0,7,32,4828.43,1.179,25415.36,25415.36,19596.64,19599.61,6.2,7.44,0,0,7,32,,,,,,,,false,0,false,0.436709,throughput,1,1,false,1,mp,0.9,16,auto,true,256,8192,auto,,32768,false,auto,false,0,true,auto,allgather_reducescatter,false,0,sha256,,,,1,2,4,8,16,32,64,1024,1024,1024,1024,1024,1024,1024,4096,4096,4096,4096,4096,4096,4096,9,18,30,30,30,30,30,180.038,180.037,161.496,83.643,45.608,25.449,25.527,0.05,0.1,0.186,0.359,0.658,1.179,1.175,204.76,409.52,760.89,1469.09,2694.24,4828.43,4813.67,255.95,511.9,951.11,1836.37,3367.8,6035.54,6017.08,19596.64,19772.41,20210.21,20914.6,22772.08,25396.19,25487.63,19596.64,19772.43,20241.89,20967.19,22687.53,25394.58,25489.63,19599.61,19777.99,20248.08,20978.94,22886.05,25412.97,25493.18,19599.61,19778.42,20248.25,20979.62,22887.23,25415.36,25494.18,19599.61,19778.42,20248.25,20979.62,22887.23,25415.36,25494.18,19596.64,19772.43,20241.89,20967.19,22687.53,25394.58,25489.63,19596.64,19772.43,20241.89,20967.19,22687.53,25394.58,25489.63,19599.61,19778.42,20248.25,20979.62,22887.23,25415.36,25494.18,19599.61,19778.42,20248.25,20979.62,22887.23,25415.36,25494.18,4.784,4.827,4.934,5.106,5.56,6.2,6.223,4.784,4.827,4.934,5.106,5.56,6.2,6.223,5.741,5.793,5.921,6.127,6.672,7.44,7.467,7.177,7.241,7.401,7.659,8.339,9.3,9.334,0,0,0,0,0,0,0,0,0,0,0,0,0,0,0,0,0,0,0,0,0,0,0,0,0,0,0,0,0,0,0,0,0,0,0,0,0,0,0,0,0,0,false,false,false,false,false,false,false,,,,,,,,concurrency=1 n=9 tok/s=204.8 p95_ms=19599.6,concurrency=2 n=18 tok/s=409.5 p95_ms=19778.4,concurrency=4 n=30 tok/s=760.9 p95_ms=20248.2,concurrency=8 n=30 tok/s=1469.1 p95_ms=20979.6,concurrency=16 n=30 tok/s=2694.2 p95_ms=22887.2,concurrency=32 n=30 tok/s=4828.4 p95_ms=25415.4,concurrency=64 n=30 tok/s=4813.7 p95_ms=25494.2
